S. No.,Name,Father Name,DOB,Date of Join,Regular Date,BPS,Designation,Department,Qualification,Certifications,CNIC,Cell,Email,Address,Domicile,File,Employee ID,Last Promotion,Employee Category
1,Test Subject,Father Test Subject,01-01-0001,01-01-0001,01-01-0001,17,test,department of test,test degree,test certified,12345-1234567-1,1234-1234567,test@test.com,Home sweet Home,1,000,000,01-01-0001,Test
2,Mr. Bean,Mr Bean Father,01-01-0001,01-01-0001,01-01-0001,17,test,CS,test degree,test certified,12345-1234567-1,1234-1234567,test@test.com,Home sweet Home,1,000,000,01-01-0001,Test
2,Mr. Bean,Mr Bean Father,01-01-0001,01-01-0001,01-01-0001,17,test,CS,test degree,test certified,12345-1234567-1,1234-1234567,test@test.com,Home sweet Home,1,000,000,01-01-0001,Test
2,Mr. Bean,Mr Bean Father,01-01-0001,01-01-0001,01-01-0001,17,test,CS,test degree,test certified,12345-1234567-1,1234-1234567,test@test.com,Home sweet Home,1,000,000,01-01-0001,Test
2,Mr. Bean,Mr Bean Father,01-01-0001,01-01-0001,01-01-0001,17,test,CS,test degree,test certified,12345-1234567-1,1234-1234567,test@test.com,Home sweet Home,1,000,000,01-01-0001,Test
2,Mr. Bean,Mr Bean Father,01-01-0001,01-01-0001,01-01-0001,17,test,CS,test degree,test certified,12345-1234567-1,1234-1234567,test@test.com,Home sweet Home,1,000,000,01-01-0001,Test
2,Mr. Bean,Mr Bean Father,01-01-0001,01-01-0001,01-01-0001,17,test,CS,test degree,test certified,12345-1234567-1,1234-1234567,test@test.com,Home sweet Home,1,000,000,01-01-0001,Test
2,Mr. Bean,Mr Bean Father,01-01-0001,01-01-0001,01-01-0001,17,test,CS,test degree,test certified,12345-1234567-1,1234-1234567,test@test.com,Home sweet Home,1,000,000,01-01-0001,Test
2,Mr. Bean,Mr Bean Father,01-01-0001,01-01-0001,01-01-0001,17,test,CS,test degree,test certified,12345-1234567-1,1234-1234567,test@test.com,Home sweet Home,1,000,000,01-01-0001,Test
2,Mr. Bean,Mr Bean Father,01-01-0001,01-01-0001,01-01-0001,17,test,CS,test degree,test certified,12345-1234567-1,1234-1234567,test@test.com,Home sweet Home,1,000,000,01-01-0001,Test